id,title,abstract,year,citations,keywords,category
1,Attention Is All You Need,We propose a novel architecture based on attention mechanisms that achieves state-of-the-art results on several benchmarks. Our model demonstrates significant improvements over existing methods in terms of both accuracy and computational efficiency. Extensive experiments validate the effectiveness of the proposed approach across multiple datasets.,2016,12,7,NLP
2,BERT: Pre-training of Deep Bidirectional Transformers,"This paper presents a comprehensive study of deep learning methods applied to large-scale datasets. We introduce new techniques for training neural networks and demonstrate their superior performance on standard benchmarks. The proposed framework is both scalable and efficient, making it suitable for real-world applications.",2018,126,4,NLP
3,GPT-3: Language Models are Few-Shot Learners,We introduce a new method for unsupervised representation learning that outperforms existing approaches. The model leverages self-supervised objectives to learn meaningful features from raw data without manual annotation. Results on downstream tasks confirm the quality of the learned representations.,2023,45,9,NLP
4,Deep Residual Learning for Image Recognition,"In this work, we address the challenge of efficient computation in distributed systems. Our approach reduces communication overhead while maintaining strong consistency guarantees. We provide theoretical analysis and empirical results on large-scale deployments.",2015,15,6,Computer Vision
5,ImageNet Classification with Deep CNNs,We present theoretical foundations for a new class of algorithms with provable guarantees. The analysis reveals fundamental trade-offs between time complexity and approximation quality. Applications to practical problems demonstrate the utility of our framework.,2018,351,3,Computer Vision
6,YOLO: Real-Time Object Detection,This paper explores the intersection of language modeling and knowledge representation. We show that pre-trained language models implicitly encode factual knowledge that can be extracted for downstream tasks. Fine-tuning strategies are proposed to better leverage this knowledge.,2023,110,11,Computer Vision
7,Generative Adversarial Networks,We study the problem of generalization in machine learning models trained on limited data. Novel regularization techniques are proposed that significantly reduce overfitting. Extensive ablation studies confirm the contribution of each component.,2021,124,12,Machine Learning
8,Dropout: Preventing Overfitting in Neural Networks,Our work introduces a new benchmark for evaluating natural language understanding systems. We collect data from diverse sources and validate annotations through rigorous quality control. Baseline results establish clear directions for future research.,2019,828,3,Machine Learning
9,Adam: A Method for Stochastic Optimization,This paper addresses scalability challenges in modern distributed databases. We propose new indexing strategies that support high-throughput workloads while maintaining ACID guarantees. Performance evaluations on real-world workloads demonstrate significant speedups.,2017,598,8,Machine Learning
10,MapReduce: Simplified Data Processing,We propose a graph-based approach to relational reasoning that captures structural dependencies. Message passing algorithms are designed to propagate information efficiently through the graph. Results on relational datasets show improvements over baselines.,2019,84,8,Systems
11,Dynamo: Amazon's Highly Available Key-Value Store,We propose a novel architecture based on attention mechanisms that achieves state-of-the-art results on several benchmarks. Our model demonstrates significant improvements over existing methods in terms of both accuracy and computational efficiency. Extensive experiments validate the effectiveness of the proposed approach across multiple datasets.,2016,48,4,Systems
12,The Google File System,"This paper presents a comprehensive study of deep learning methods applied to large-scale datasets. We introduce new techniques for training neural networks and demonstrate their superior performance on standard benchmarks. The proposed framework is both scalable and efficient, making it suitable for real-world applications.",2020,940,12,Systems
13,A Fast Algorithm for Approximate Nearest Neighbors,We introduce a new method for unsupervised representation learning that outperforms existing approaches. The model leverages self-supervised objectives to learn meaningful features from raw data without manual annotation. Results on downstream tasks confirm the quality of the learned representations.,2019,822,10,Theory
14,Randomized Algorithms for Matrices,"In this work, we address the challenge of efficient computation in distributed systems. Our approach reduces communication overhead while maintaining strong consistency guarantees. We provide theoretical analysis and empirical results on large-scale deployments.",2023,66,9,Theory
15,On the Computational Complexity of Neural Networks,We present theoretical foundations for a new class of algorithms with provable guarantees. The analysis reveals fundamental trade-offs between time complexity and approximation quality. Applications to practical problems demonstrate the utility of our framework.,2016,401,12,Theory
16,Transformer-XL: Attentive Language Models,This paper explores the intersection of language modeling and knowledge representation. We show that pre-trained language models implicitly encode factual knowledge that can be extracted for downstream tasks. Fine-tuning strategies are proposed to better leverage this knowledge.,2020,430,4,NLP
17,RoBERTa: A Robustly Optimized BERT Approach,We study the problem of generalization in machine learning models trained on limited data. Novel regularization techniques are proposed that significantly reduce overfitting. Extensive ablation studies confirm the contribution of each component.,2015,541,7,NLP
18,XLNet: Generalized Autoregressive Pretraining,Our work introduces a new benchmark for evaluating natural language understanding systems. We collect data from diverse sources and validate annotations through rigorous quality control. Baseline results establish clear directions for future research.,2016,966,4,NLP
19,EfficientNet: Rethinking Model Scaling for CNNs,This paper addresses scalability challenges in modern distributed databases. We propose new indexing strategies that support high-throughput workloads while maintaining ACID guarantees. Performance evaluations on real-world workloads demonstrate significant speedups.,2021,162,8,Computer Vision
20,Vision Transformer: An Image is Worth 16x16 Words,We propose a graph-based approach to relational reasoning that captures structural dependencies. Message passing algorithms are designed to propagate information efficiently through the graph. Results on relational datasets show improvements over baselines.,2017,231,6,Computer Vision
21,CLIP: Learning Transferable Visual Models,We propose a novel architecture based on attention mechanisms that achieves state-of-the-art results on several benchmarks. Our model demonstrates significant improvements over existing methods in terms of both accuracy and computational efficiency. Extensive experiments validate the effectiveness of the proposed approach across multiple datasets.,2019,605,4,Computer Vision
22,Federated Learning: Strategies for Improving Communication,"This paper presents a comprehensive study of deep learning methods applied to large-scale datasets. We introduce new techniques for training neural networks and demonstrate their superior performance on standard benchmarks. The proposed framework is both scalable and efficient, making it suitable for real-world applications.",2024,503,11,Machine Learning
23,Neural Architecture Search with Reinforcement Learning,We introduce a new method for unsupervised representation learning that outperforms existing approaches. The model leverages self-supervised objectives to learn meaningful features from raw data without manual annotation. Results on downstream tasks confirm the quality of the learned representations.,2018,89,9,Machine Learning
24,XGBoost: A Scalable Tree Boosting System,"In this work, we address the challenge of efficient computation in distributed systems. Our approach reduces communication overhead while maintaining strong consistency guarantees. We provide theoretical analysis and empirical results on large-scale deployments.",2019,2279,11,Machine Learning
25,Kubernetes: Large-Scale Cluster Management,We present theoretical foundations for a new class of algorithms with provable guarantees. The analysis reveals fundamental trade-offs between time complexity and approximation quality. Applications to practical problems demonstrate the utility of our framework.,2018,576,3,Systems
26,Raft: A Consensus Algorithm for Replicated Logs,This paper explores the intersection of language modeling and knowledge representation. We show that pre-trained language models implicitly encode factual knowledge that can be extracted for downstream tasks. Fine-tuning strategies are proposed to better leverage this knowledge.,2018,862,8,Systems
27,Cassandra: A Decentralized Structured Storage System,We study the problem of generalization in machine learning models trained on limited data. Novel regularization techniques are proposed that significantly reduce overfitting. Extensive ablation studies confirm the contribution of each component.,2021,155,6,Systems
28,PAC Learning: A Framework for Machine Learning Theory,Our work introduces a new benchmark for evaluating natural language understanding systems. We collect data from diverse sources and validate annotations through rigorous quality control. Baseline results establish clear directions for future research.,2024,1045,8,Theory
29,Lower Bounds for Quantum Computation,This paper addresses scalability challenges in modern distributed databases. We propose new indexing strategies that support high-throughput workloads while maintaining ACID guarantees. Performance evaluations on real-world workloads demonstrate significant speedups.,2018,532,9,Theory
30,Graph Neural Networks: A Review,We propose a graph-based approach to relational reasoning that captures structural dependencies. Message passing algorithms are designed to propagate information efficiently through the graph. Results on relational datasets show improvements over baselines.,2022,77,5,Machine Learning
31,Semantic Segmentation with Fully Convolutional Networks,We propose a novel architecture based on attention mechanisms that achieves state-of-the-art results on several benchmarks. Our model demonstrates significant improvements over existing methods in terms of both accuracy and computational efficiency. Extensive experiments validate the effectiveness of the proposed approach across multiple datasets.,2018,683,11,Computer Vision
32,Named Entity Recognition with Bidirectional LSTM,"This paper presents a comprehensive study of deep learning methods applied to large-scale datasets. We introduce new techniques for training neural networks and demonstrate their superior performance on standard benchmarks. The proposed framework is both scalable and efficient, making it suitable for real-world applications.",2019,687,9,NLP
33,T5: Exploring Limits of Transfer Learning,We introduce a new method for unsupervised representation learning that outperforms existing approaches. The model leverages self-supervised objectives to learn meaningful features from raw data without manual annotation. Results on downstream tasks confirm the quality of the learned representations.,2024,254,6,NLP
34,DALL-E: Creating Images from Text,"In this work, we address the challenge of efficient computation in distributed systems. Our approach reduces communication overhead while maintaining strong consistency guarantees. We provide theoretical analysis and empirical results on large-scale deployments.",2017,356,4,Computer Vision
35,Stable Diffusion: High-Resolution Image Synthesis,We present theoretical foundations for a new class of algorithms with provable guarantees. The analysis reveals fundamental trade-offs between time complexity and approximation quality. Applications to practical problems demonstrate the utility of our framework.,2015,987,5,Computer Vision
36,Reinforcement Learning from Human Feedback,This paper explores the intersection of language modeling and knowledge representation. We show that pre-trained language models implicitly encode factual knowledge that can be extracted for downstream tasks. Fine-tuning strategies are proposed to better leverage this knowledge.,2017,785,9,Machine Learning
37,Proximal Policy Optimization Algorithms,We study the problem of generalization in machine learning models trained on limited data. Novel regularization techniques are proposed that significantly reduce overfitting. Extensive ablation studies confirm the contribution of each component.,2024,32,9,Machine Learning
38,Spanner: Google's Globally Distributed Database,Our work introduces a new benchmark for evaluating natural language understanding systems. We collect data from diverse sources and validate annotations through rigorous quality control. Baseline results establish clear directions for future research.,2024,2776,11,Systems
39,Bigtable: A Distributed Storage System,This paper addresses scalability challenges in modern distributed databases. We propose new indexing strategies that support high-throughput workloads while maintaining ACID guarantees. Performance evaluations on real-world workloads demonstrate significant speedups.,2019,1771,3,Systems
40,VC Dimension and Sample Complexity,We propose a graph-based approach to relational reasoning that captures structural dependencies. Message passing algorithms are designed to propagate information efficiently through the graph. Results on relational datasets show improvements over baselines.,2016,572,11,Theory
41,Word2Vec: Distributed Representations of Words,We propose a novel architecture based on attention mechanisms that achieves state-of-the-art results on several benchmarks. Our model demonstrates significant improvements over existing methods in terms of both accuracy and computational efficiency. Extensive experiments validate the effectiveness of the proposed approach across multiple datasets.,2019,731,8,NLP
42,GloVe: Global Vectors for Word Representation,"This paper presents a comprehensive study of deep learning methods applied to large-scale datasets. We introduce new techniques for training neural networks and demonstrate their superior performance on standard benchmarks. The proposed framework is both scalable and efficient, making it suitable for real-world applications.",2016,173,5,NLP
43,ResNeXt: Aggregated Residual Transformations,We introduce a new method for unsupervised representation learning that outperforms existing approaches. The model leverages self-supervised objectives to learn meaningful features from raw data without manual annotation. Results on downstream tasks confirm the quality of the learned representations.,2022,1,7,Computer Vision
44,DenseNet: Densely Connected Networks,"In this work, we address the challenge of efficient computation in distributed systems. Our approach reduces communication overhead while maintaining strong consistency guarantees. We provide theoretical analysis and empirical results on large-scale deployments.",2023,717,11,Computer Vision
45,CycleGAN: Image-to-Image Translation,We present theoretical foundations for a new class of algorithms with provable guarantees. The analysis reveals fundamental trade-offs between time complexity and approximation quality. Applications to practical problems demonstrate the utility of our framework.,2016,1022,7,Computer Vision
46,WGAN: Wasserstein GAN,This paper explores the intersection of language modeling and knowledge representation. We show that pre-trained language models implicitly encode factual knowledge that can be extracted for downstream tasks. Fine-tuning strategies are proposed to better leverage this knowledge.,2023,469,5,Machine Learning
47,Batch Normalization: Accelerating Deep Network Training,We study the problem of generalization in machine learning models trained on limited data. Novel regularization techniques are proposed that significantly reduce overfitting. Extensive ablation studies confirm the contribution of each component.,2020,718,11,Machine Learning
48,LightGBM: A Highly Efficient Gradient Boosting Decision Tree,Our work introduces a new benchmark for evaluating natural language understanding systems. We collect data from diverse sources and validate annotations through rigorous quality control. Baseline results establish clear directions for future research.,2023,1253,12,Machine Learning
49,ZooKeeper: Wait-free Coordination for Internet-scale Systems,This paper addresses scalability challenges in modern distributed databases. We propose new indexing strategies that support high-throughput workloads while maintaining ACID guarantees. Performance evaluations on real-world workloads demonstrate significant speedups.,2020,335,4,Systems
50,Approximation Algorithms for NP-Hard Problems,We propose a graph-based approach to relational reasoning that captures structural dependencies. Message passing algorithms are designed to propagate information efficiently through the graph. Results on relational datasets show improvements over baselines.,2020,1054,7,Theory
51,Self-Supervised Contrastive Learning,"In this work, we address the challenge of efficient computation in distributed systems. Our approach reduces communication overhead while maintaining strong consistency guarantees. We provide theoretical analysis and empirical results on large-scale deployments.",2016,82,8,Machine Learning
52,Zero-Shot Learning via Semantic Embeddings,"This paper presents a comprehensive study of deep learning methods applied to large-scale datasets. We introduce new techniques for training neural networks and demonstrate their superior performance on standard benchmarks. The proposed framework is both scalable and efficient, making it suitable for real-world applications.",2017,394,10,NLP
53,Pose Estimation Using Heatmap Regression,"This paper presents a comprehensive study of deep learning methods applied to large-scale datasets. We introduce new techniques for training neural networks and demonstrate their superior performance on standard benchmarks. The proposed framework is both scalable and efficient, making it suitable for real-world applications.",2024,435,5,Computer Vision
54,Distributed Training of Large Language Models,Our work introduces a new benchmark for evaluating natural language understanding systems. We collect data from diverse sources and validate annotations through rigorous quality control. Baseline results establish clear directions for future research.,2024,54,8,Systems
55,Information Theoretic Bounds for Learning,We propose a graph-based approach to relational reasoning that captures structural dependencies. Message passing algorithms are designed to propagate information efficiently through the graph. Results on relational datasets show improvements over baselines.,2022,1000,8,Theory
56,Multimodal Fusion for Sentiment Analysis,"In this work, we address the challenge of efficient computation in distributed systems. Our approach reduces communication overhead while maintaining strong consistency guarantees. We provide theoretical analysis and empirical results on large-scale deployments.",2020,152,9,NLP
57,Point Cloud Processing with PointNet,This paper explores the intersection of language modeling and knowledge representation. We show that pre-trained language models implicitly encode factual knowledge that can be extracted for downstream tasks. Fine-tuning strategies are proposed to better leverage this knowledge.,2023,689,7,Computer Vision
58,Meta-Learning: Learning to Learn,"This paper presents a comprehensive study of deep learning methods applied to large-scale datasets. We introduce new techniques for training neural networks and demonstrate their superior performance on standard benchmarks. The proposed framework is both scalable and efficient, making it suitable for real-world applications.",2019,76,6,Machine Learning
59,Byzantine Fault Tolerance in Distributed Systems,We propose a novel architecture based on attention mechanisms that achieves state-of-the-art results on several benchmarks. Our model demonstrates significant improvements over existing methods in terms of both accuracy and computational efficiency. Extensive experiments validate the effectiveness of the proposed approach across multiple datasets.,2024,78,5,Systems
60,Kolmogorov Complexity and Learning Theory,We propose a novel architecture based on attention mechanisms that achieves state-of-the-art results on several benchmarks. Our model demonstrates significant improvements over existing methods in terms of both accuracy and computational efficiency. Extensive experiments validate the effectiveness of the proposed approach across multiple datasets.,2017,369,4,Theory
